{
	"info": {
		"_postman_id": "7506911c-6d4e-483d-80fe-f97d3c67d3ff",
		"name": "API_Chaining",
		"schema": "https://schema.getpostman.com/json/collection/v2.1.0/collection.json",
		"_exporter_id": "44902913",
		"_collection_link": "https://www.postman.com/omkarnikam-7845258/workspace/mastering-postman/collection/44902913-7506911c-6d4e-483d-80fe-f97d3c67d3ff?action=share&source=collection_link&creator=44902913"
	},
	"item": [
		{
			"name": "POST",
			"event": [
				{
					"listen": "test",
					"script": {
						"exec": [
							"var JsonData = JSON.parse(responseBody);\r",
							"JsonData.id;\r",
							"\r",
							"pm.environment.set(\"env_id\", JsonData.id);\r",
							""
						],
						"type": "text/javascript",
						"packages": {}
					}
				},
				{
					"listen": "prerequest",
					"script": {
						"exec": [
							"var randomString = Math.random().toString(36).substring(5);\r",
							"var testName = \"TestName\" + randomString;\r",
							"var testEmail = \"TestEmail\" + randomString + \"@gmail.com\";\r",
							"pm.environment.set(\"env_name\", testName);\r",
							"pm.environment.set(\"env_email\", testEmail);\r",
							""
						],
						"type": "text/javascript",
						"packages": {}
					}
				}
			],
			"request": {
				"auth": {
					"type": "bearer",
					"bearer": [
						{
							"key": "token",
							"value": "{{gorest_API}}",
							"type": "string"
						}
					]
				},
				"method": "POST",
				"header": [],
				"body": {
					"mode": "raw",
					"raw": "{\r\n  \"name\": \"{{env_name}}\",\r\n  \"email\": \"{{env_email}}\",\r\n  \"gender\": \"female\",\r\n  \"status\": \"active\"\r\n}\r\n",
					"options": {
						"raw": {
							"language": "json"
						}
					}
				},
				"url": {
					"raw": "https://gorest.co.in//public/v2/users",
					"protocol": "https",
					"host": [
						"gorest",
						"co",
						"in"
					],
					"path": [
						"",
						"public",
						"v2",
						"users"
					]
				}
			},
			"response": []
		},
		{
			"name": "GET",
			"event": [
				{
					"listen": "test",
					"script": {
						"exec": [
							"pm.test(\"verify the json response\", function() {\r",
							"    var jsonData = pm.response.json();\r",
							"    pm.expect(jsonData.id).to.eql(pm.environment.get(\"env_id\"));\r",
							"    pm.expect(jsonData.name).to.eql(pm.environment.get(\"env_name\"));\r",
							"    pm.expect(jsonData.email).to.eql(pm.environment.get(\"env_email\"));\r",
							"});\r",
							""
						],
						"type": "text/javascript",
						"packages": {}
					}
				},
				{
					"listen": "prerequest",
					"script": {
						"packages": {},
						"type": "text/javascript"
					}
				}
			],
			"protocolProfileBehavior": {
				"disableBodyPruning": true
			},
			"request": {
				"auth": {
					"type": "bearer",
					"bearer": [
						{
							"key": "token",
							"value": "{{gorest_API}}",
							"type": "string"
						}
					]
				},
				"method": "GET",
				"header": [],
				"body": {
					"mode": "raw",
					"raw": "",
					"options": {
						"raw": {
							"language": "json"
						}
					}
				},
				"url": {
					"raw": "https://gorest.co.in//public/v2/users/{{env_id}}",
					"protocol": "https",
					"host": [
						"gorest",
						"co",
						"in"
					],
					"path": [
						"",
						"public",
						"v2",
						"users",
						"{{env_id}}"
					]
				}
			},
			"response": []
		},
		{
			"name": "PUT",
			"request": {
				"auth": {
					"type": "bearer",
					"bearer": [
						{
							"key": "token",
							"value": "{{gorest_API}}",
							"type": "string"
						}
					]
				},
				"method": "PUT",
				"header": [],
				"body": {
					"mode": "raw",
					"raw": "{\r\n  \"name\": \"{{env_name}}\",\r\n  \"email\": \"{{env_email}}\",\r\n  \"gender\": \"female\",\r\n  \"status\": \"active\"\r\n}\r\n",
					"options": {
						"raw": {
							"language": "json"
						}
					}
				},
				"url": {
					"raw": "https://gorest.co.in//public/v2/users/{{env_id}}",
					"protocol": "https",
					"host": [
						"gorest",
						"co",
						"in"
					],
					"path": [
						"",
						"public",
						"v2",
						"users",
						"{{env_id}}"
					]
				}
			},
			"response": []
		},
		{
			"name": "PATCH",
			"request": {
				"auth": {
					"type": "bearer",
					"bearer": [
						{
							"key": "token",
							"value": "{{gorest_API}}",
							"type": "string"
						}
					]
				},
				"method": "PATCH",
				"header": [],
				"body": {
					"mode": "raw",
					"raw": "{\r\n  \"gender\": \"male\",\r\n  \"status\": \"inactive\"\r\n}\r\n",
					"options": {
						"raw": {
							"language": "json"
						}
					}
				},
				"url": {
					"raw": "https://gorest.co.in/public/v2/users/{{env_id}}",
					"protocol": "https",
					"host": [
						"gorest",
						"co",
						"in"
					],
					"path": [
						"public",
						"v2",
						"users",
						"{{env_id}}"
					]
				}
			},
			"response": []
		},
		{
			"name": "New Request",
			"event": [
				{
					"listen": "test",
					"script": {
						"exec": [
							"pm.environment.unset(\"env_id\");\r",
							"pm.environment.unset(\"env_name\");\r",
							"pm.environment.unset(\"env_email\");\r",
							""
						],
						"type": "text/javascript",
						"packages": {}
					}
				}
			],
			"request": {
				"auth": {
					"type": "bearer",
					"bearer": [
						{
							"key": "token",
							"value": "{{gorest_API}}",
							"type": "string"
						}
					]
				},
				"method": "DELETE",
				"header": [],
				"url": {
					"raw": "https://gorest.co.in//public/v2/users/{{env_id}}",
					"protocol": "https",
					"host": [
						"gorest",
						"co",
						"in"
					],
					"path": [
						"",
						"public",
						"v2",
						"users",
						"{{env_id}}"
					]
				}
			},
			"response": []
		}
	]
}