{
	"info": {
		"_postman_id": "f57b9d9e-7fce-4315-8005-4eb9eaa44306",
		"name": "AuthorizationAndAuthentication",
		"schema": "https://schema.getpostman.com/json/collection/v2.1.0/collection.json",
		"_exporter_id": "44902913",
		"_collection_link": "https://www.postman.com/omkarnikam-7845258/workspace/mastering-postman/collection/44902913-f57b9d9e-7fce-4315-8005-4eb9eaa44306?action=share&source=collection_link&creator=44902913"
	},
	"item": [
		{
			"name": "GET_Data",
			"request": {
				"method": "GET",
				"header": [],
				"url": {
					"raw": "https://gorest.co.in//public/v2/users/",
					"protocol": "https",
					"host": [
						"gorest",
						"co",
						"in"
					],
					"path": [
						"",
						"public",
						"v2",
						"users",
						""
					]
				}
			},
			"response": []
		},
		{
			"name": "Post_New_Data",
			"request": {
				"auth": {
					"type": "bearer",
					"bearer": [
						{
							"key": "token",
							"value": "{{gorest_API}}",
							"type": "string"
						}
					]
				},
				"method": "POST",
				"header": [],
				"body": {
					"mode": "raw",
					"raw": "    {\r\n        \"name\": \"New User \",\r\n        \"email\": \"newuser@gmail.com\",\r\n        \"gender\": \"male\",\r\n        \"status\": \"active\"\r\n    }",
					"options": {
						"raw": {
							"language": "json"
						}
					}
				},
				"url": {
					"raw": "https://gorest.co.in//public/v2/users/",
					"protocol": "https",
					"host": [
						"gorest",
						"co",
						"in"
					],
					"path": [
						"",
						"public",
						"v2",
						"users",
						""
					]
				}
			},
			"response": []
		}
	]
}