{
	"info": {
		"_postman_id": "d2dd0b2e-f0b9-4de7-a3a9-10ee4c9682c7",
		"name": "DemoAPI",
		"schema": "https://schema.getpostman.com/json/collection/v2.1.0/collection.json",
		"_exporter_id": "44902913",
		"_collection_link": "https://www.postman.com/omkarnikam-7845258/workspace/mastering-postman/collection/44902913-d2dd0b2e-f0b9-4de7-a3a9-10ee4c9682c7?action=share&source=collection_link&creator=44902913"
	},
	"item": [
		{
			"name": "User2 Data Manipulation",
			"item": [
				{
					"name": "Create User Data",
					"request": {
						"auth": {
							"type": "bearer"
						},
						"method": "POST",
						"header": [
							{
								"key": "x-api-key",
								"value": "reqres-free-v1",
								"type": "text"
							}
						],
						"body": {
							"mode": "raw",
							"raw": "{\r\n    \"name\": \"Arshad\",\r\n    \"job\": \"QA Analyst\"\r\n}"
						},
						"url": {
							"raw": "https://reqres.in/api/users/2",
							"protocol": "https",
							"host": [
								"reqres",
								"in"
							],
							"path": [
								"api",
								"users",
								"2"
							]
						}
					},
					"response": []
				},
				{
					"name": "Partial Update User Data",
					"request": {
						"auth": {
							"type": "bearer"
						},
						"method": "PATCH",
						"header": [
							{
								"key": "x-api-key",
								"value": "reqres-free-v1",
								"type": "text"
							}
						],
						"body": {
							"mode": "raw",
							"raw": "{\r\n    \"name\": \"Arshad\",\r\n    \"job\": \"QA Analyst Engineer Parial Update\"\r\n}"
						},
						"url": {
							"raw": "https://reqres.in/api/users/2",
							"protocol": "https",
							"host": [
								"reqres",
								"in"
							],
							"path": [
								"api",
								"users",
								"2"
							]
						}
					},
					"response": []
				},
				{
					"name": "Update User Data",
					"request": {
						"auth": {
							"type": "bearer"
						},
						"method": "PUT",
						"header": [
							{
								"key": "x-api-key",
								"value": "reqres-free-v1",
								"type": "text"
							}
						],
						"body": {
							"mode": "raw",
							"raw": "{\r\n    \"name\": \"Arshad\",\r\n    \"job\": \"QA Analyst Engineer PUT Update\"\r\n}"
						},
						"url": {
							"raw": "https://reqres.in/api/users/2",
							"protocol": "https",
							"host": [
								"reqres",
								"in"
							],
							"path": [
								"api",
								"users",
								"2"
							]
						}
					},
					"response": []
				},
				{
					"name": "Delete User 2",
					"request": {
						"auth": {
							"type": "apikey"
						},
						"method": "DELETE",
						"header": [
							{
								"key": "x-api-key",
								"value": "reqres-free-v1",
								"type": "text"
							}
						],
						"body": {
							"mode": "raw",
							"raw": "{\r\n    \"name\": \"Arshad\",\r\n    \"job\": \"QA Analyst Engineer PUT Update\"\r\n}"
						},
						"url": {
							"raw": "https://reqres.in/api/users/2",
							"protocol": "https",
							"host": [
								"reqres",
								"in"
							],
							"path": [
								"api",
								"users",
								"2"
							]
						}
					},
					"response": []
				},
				{
					"name": "GET ALL USERS",
					"event": [
						{
							"listen": "test",
							"script": {
								"exec": [
									"pm.test(\"Status code is 200\", function ()\r",
									"{\r",
									"    pm.response.to.have.status(200);\r",
									"});\r",
									"\r",
									"console.log(\"Variable Set Successfully\");\r",
									"pm.globals.set('name', 'omkar');\r",
									"pm.globals.set('email', 'omkaremail@gmail.com');\r",
									"\r",
									"\r",
									"pm.collectionVariables.set('first name', 'omkar');\r",
									"pm.collectionVariables.set('last name', 'nikam');\r",
									"\r",
									"console.log(\"Environment Variable Set Successfully\");\r",
									"pm.environment.set('full name', 'omkar nikam');\r",
									"\r",
									"\r",
									"\r",
									""
								],
								"type": "text/javascript",
								"packages": {}
							}
						}
					],
					"request": {
						"method": "GET",
						"header": [],
						"url": {
							"raw": "https://reqres.in/api/users?page=2",
							"protocol": "https",
							"host": [
								"reqres",
								"in"
							],
							"path": [
								"api",
								"users"
							],
							"query": [
								{
									"key": "page",
									"value": "2"
								}
							]
						}
					},
					"response": []
				}
			],
			"description": "Manipulation User data and Creating, Updating and Deleting Operations...  \n**Read and Write Operations**"
		}
	],
	"variable": [
		{
			"key": "first name",
			"value": ""
		},
		{
			"key": "last name",
			"value": ""
		}
	]
}