{
	"info": {
		"_postman_id": "d773af1d-242c-4808-a7ba-53bf73f87965",
		"name": "Sample Collection for Variable",
		"schema": "https://schema.getpostman.com/json/collection/v2.1.0/collection.json",
		"_exporter_id": "44902913",
		"_collection_link": "https://www.postman.com/omkarnikam-7845258/workspace/mastering-postman/collection/44902913-d773af1d-242c-4808-a7ba-53bf73f87965?action=share&source=collection_link&creator=44902913"
	},
	"item": [
		{
			"name": "Get User",
			"request": {
				"method": "GET",
				"header": [
					{
						"key": "x-api-key",
						"value": "reqres-free-v1",
						"type": "text"
					}
				],
				"url": {
					"raw": "{{base}}/users/10",
					"host": [
						"{{base}}"
					],
					"path": [
						"users",
						"10"
					]
				}
			},
			"response": []
		},
		{
			"name": "post data using variable",
			"request": {
				"method": "POST",
				"header": [
					{
						"key": "x-api-key",
						"value": "reqres-free-v1",
						"type": "text"
					}
				],
				"body": {
					"mode": "raw",
					"raw": "{\r\n    \"name\": \"{{name}}\",\r\n    \"job\": \"{{job}}\"\r\n}",
					"options": {
						"raw": {
							"language": "json"
						}
					}
				},
				"url": {
					"raw": "{{base}}/users/10",
					"host": [
						"{{base}}"
					],
					"path": [
						"users",
						"10"
					]
				}
			},
			"response": []
		},
		{
			"name": "Delete Data",
			"request": {
				"method": "DELETE",
				"header": [
					{
						"key": "x-api-key",
						"value": "reqres-free-v1",
						"type": "text"
					}
				],
				"body": {
					"mode": "raw",
					"raw": "{\r\n    \"name\": \"User 10\",\r\n    \"job\": \"QA Analyst\"\r\n}"
				},
				"url": {
					"raw": "{{base}}/users?id=810",
					"host": [
						"{{base}}"
					],
					"path": [
						"users"
					],
					"query": [
						{
							"key": "id",
							"value": "810"
						}
					]
				}
			},
			"response": []
		}
	],
	"event": [
		{
			"listen": "prerequest",
			"script": {
				"type": "text/javascript",
				"packages": {},
				"exec": [
					""
				]
			}
		},
		{
			"listen": "test",
			"script": {
				"type": "text/javascript",
				"packages": {},
				"exec": [
					""
				]
			}
		}
	],
	"variable": [
		{
			"key": "base",
			"value": "",
			"type": "string"
		},
		{
			"key": "name ",
			"value": "",
			"type": "string"
		},
		{
			"key": "job",
			"value": "",
			"type": "string"
		}
	]
}